"molecule_ChemBL_ID	canonical_Smiles	MW	LogP	pIC50"
"CHEMBL367364	O=C1[C@@H]2C3CCC(C3)[C@@H]2C(=O)N1c1cccc(C(F)(F)F)c1	309.29	3.24	6.82"
"CHEMBL409	CC(O)(CS(=O)(=O)c1ccc(F)cc1)C(=O)Nc1ccc(C#N)c(C(F)(F)F)c1	430.38	2.88	6.63"
"CHEMBL458084	N#Cc1ccc([C@H]2CCCC[C@H]2O)cc1C(F)(F)F	269.27	3.6	7.43"
"CHEMBL391548	N#Cc1ccc(-c2ccccc2O)cc1C(F)(F)F	263.22	3.95	10.7"
"CHEMBL409	CC(O)(CS(=O)(=O)c1ccc(F)cc1)C(=O)Nc1ccc(C#N)c(C(F)(F)F)c1	430.38	2.88	6.4"
"CHEMBL409	CC(O)(CS(=O)(=O)c1ccc(F)cc1)C(=O)Nc1ccc(C#N)c(C(F)(F)F)c1	430.38	2.88	6.7"
"CHEMBL491	CC(C)(O)C(=O)Nc1ccc([N+](=O)[O-])c(C(F)(F)F)c1	292.21	2.32	6.7"
"CHEMBL182993	O=C1[C@@H]2C3C=CC([C@H]4C[C@@H]34)[C@@H]2C(=O)N1c1cccc(C(F)(F)F)c1	333.31	3.26	5.77"
"CHEMBL2386408	NC(=O)c1ccc(-c2cc(=O)c3c(O)cccc3o2)cc1	281.27	2.26	5.45"
"CHEMBL2159565	Fc1ccc(C2=NOC3CCCC23)c(C(F)(F)F)c1	273.23	3.75	5.81"
"CHEMBL3238284	C[C@](O)(COc1ccc(-c2cocn2)cc1)C(=O)N1CCc2c(C#N)cccc21	389.41	2.93	6.75"
"CHEMBL409	CC(O)(CS(=O)(=O)c1ccc(F)cc1)C(=O)Nc1ccc(C#N)c(C(F)(F)F)c1	430.38	2.88	6.7"
"CHEMBL409	CC(O)(CS(=O)(=O)c1ccc(F)cc1)C(=O)Nc1ccc(C#N)c(C(F)(F)F)c1	430.38	2.88	6.48"
"CHEMBL399887	N#Cc1ccc(O[C@@H]2CCCC[C@H]2C#N)cc1C(F)(F)F	294.28	4.04	7.92"
"CHEMBL409	CC(O)(CS(=O)(=O)c1ccc(F)cc1)C(=O)Nc1ccc(C#N)c(C(F)(F)F)c1	430.38	2.88	6.22"
"CHEMBL2337506	N#Cc1ccc(N2CCC(O)C2)cc1Cl	222.68	1.78	7.09"
"CHEMBL409	CC(O)(CS(=O)(=O)c1ccc(F)cc1)C(=O)Nc1ccc(C#N)c(C(F)(F)F)c1	430.38	2.88	7.27"
"CHEMBL391548	N#Cc1ccc(-c2ccccc2O)cc1C(F)(F)F	263.22	3.95	7.4"
"CHEMBL1946622	CC1(C)CNC(=O)[C@@H]1Oc1ccc(C#N)c(C(F)(F)F)c1	298.26	2.48	6.98"
"CHEMBL453740	CC(C)Sc1ccc(C#N)c(C(F)(F)F)c1	245.27	4.08	7.7"
"CHEMBL445429	COc1cc(SC(C)C)ccc1C#N	207.3	3.07	7.54"
"CHEMBL510145	COc1cc(Sc2ccccc2OC)ccc1C#N	271.34	3.73	7.46"
"CHEMBL462026	COc1ccccc1Sc1ccc(C#N)c(C(F)(F)F)c1	309.31	4.74	7.43"
"CHEMBL443970	CCCSc1ccc(C#N)c(OC)c1	207.3	3.07	7.4"
"CHEMBL449867	COc1cc(C#N)ccc1Oc1ccccc1C	239.27	3.67	7.32"
"CHEMBL490956	Cc1ccccc1Sc1ccc(C#N)cc1Cl	259.76	4.67	7.11"
"CHEMBL449371	N#Cc1ccc(SC2CCC2)cc1C(F)(F)F	257.28	4.22	6.71"
"CHEMBL501649	COc1cc(Oc2ccc(C)cc2)ccc1C#N	239.27	3.67	6.7"
"CHEMBL447604	COc1cc(C#N)ccc1Oc1cccc(C)c1	239.27	3.67	6.45"
"CHEMBL453624	N#Cc1ccc(SCC2CCC2)cc1C(F)(F)F	271.31	4.47	6.15"
"CHEMBL464929	COc1cc(C#N)ccc1Oc1ccc(C)cc1	239.27	3.67	5.28"
"CHEMBL1208812	C[C@]12CNC[C@](C)(O1)[C@@H]1C(=O)N(c3ccc(C#N)c(C(F)(F)F)c3)C(=O)[C@@H]12	379.34	1.83	6.89"
"CHEMBL462663	COc1cc(SCCC(C)C)ccc1C#N	235.35	3.71	5.76"
"CHEMBL266491	COCCOc1ccccc1-c1ccc(C#N)c(C(F)(F)F)c1	321.3	4.27	5.65"
"CHEMBL507671	N#Cc1ccc(Sc2ccccc2F)cc1C(F)(F)F	297.28	4.87	6.74"
"CHEMBL449371	N#Cc1ccc(SC2CCC2)cc1C(F)(F)F	257.28	4.22	6.78"
"CHEMBL507671	N#Cc1ccc(Sc2ccccc2F)cc1C(F)(F)F	297.28	4.87	6.74"
"CHEMBL453244	COc1cc(SCC2CCC2)ccc1C#N	233.34	3.46	6.36"
"CHEMBL462664	CCCSc1ccc(C#N)c(C(F)(F)F)c1	245.27	4.08	7.96"
"CHEMBL490955	Cc1ccccc1Oc1ccc(C#N)cc1Cl	243.69	4.31	7.34"
"CHEMBL491493	COc1cc(Oc2ccccc2C)ccc1C#N	239.27	3.67	7.09"
"CHEMBL453740	CC(C)Sc1ccc(C#N)c(C(F)(F)F)c1	245.27	4.08	7.05"
"CHEMBL490957	COc1cc(Oc2cccc(C)c2)ccc1C#N	239.27	3.67	6.71"
"CHEMBL1085594	N#Cc1ccc(Oc2ccc(F)cc2F)cc1C(F)(F)F	299.2	4.65	6.31"
"CHEMBL3410850	N#Cc1ccc(N2[C@H]3CC[C@H]2CC(O)C3)cc1C(F)(F)F	296.29	3.07	7.4"
"CHEMBL409	CC(O)(CS(=O)(=O)c1ccc(F)cc1)C(=O)Nc1ccc(C#N)c(C(F)(F)F)c1	430.38	2.88	7.06"
"CHEMBL178957	O=C1[C@@H]2C3C=CC(C3)[C@@H]2C(=O)N1c1cc(C(F)(F)F)cc(C(F)(F)F)c1	375.27	4.04	5.76"
"CHEMBL470204	Cc1ccccc1Oc1ccc(C#N)c(Cl)c1	243.69	4.31	7.52"
"CHEMBL470204	Cc1ccccc1Oc1ccc(C#N)c(Cl)c1	243.69	4.31	7.24"
"CHEMBL490956	Cc1ccccc1Sc1ccc(C#N)cc1Cl	259.76	4.67	7.37"
"CHEMBL449867	COc1cc(C#N)ccc1Oc1ccccc1C	239.27	3.67	6.94"
"CHEMBL453623	N#Cc1ccc(SCC2CC2)cc1C(F)(F)F	257.28	4.08	6.88"
"CHEMBL4746960	CC(Cn1cc(F)cn1)C(=O)Nc1ccc(C#N)c(C(F)(F)F)c1	340.28	3.19	6.33"
"CHEMBL4800363	C[C@](O)(Cn1cc(F)cn1)C(=O)Nc1cc(C(F)(F)F)c(C#N)cc1I	482.18	2.91	5.26"
"CHEMBL409	CC(O)(CS(=O)(=O)c1ccc(F)cc1)C(=O)Nc1ccc(C#N)c(C(F)(F)F)c1	430.38	2.88	6.85"
"CHEMBL409	CC(O)(CS(=O)(=O)c1ccc(F)cc1)C(=O)Nc1ccc(C#N)c(C(F)(F)F)c1	430.38	2.88	6.79"
"CHEMBL3084689	N#Cc1ccc(N2[C@@H]3CC[C@H]2C[C@@H](O)C3)cc1Cl	262.74	2.7	7.5"
"CHEMBL188297	O=C1[C@@H]2[C@@H]3CC[C@@H](C3)[C@@H]2C(=O)N1c1ccc([N+](=O)[O-])c(C(F)(F)F)c1	354.28	3.15	8"
"CHEMBL409	CC(O)(CS(=O)(=O)c1ccc(F)cc1)C(=O)Nc1ccc(C#N)c(C(F)(F)F)c1	430.38	2.88	6.4"
"CHEMBL361222	O=C1[C@@H]2C3C=CC(C3)[C@@H]2C(=O)N1c1ccc(Br)c(C(F)(F)F)c1	386.17	3.78	6.84"
"CHEMBL2386395	O=c1cc(-c2ccc([N+](=O)[O-])cc2)oc2cccc(O)c12	283.24	3.07	6.44"
"CHEMBL409	CC(O)(CS(=O)(=O)c1ccc(F)cc1)C(=O)Nc1ccc(C#N)c(C(F)(F)F)c1	430.38	2.88	6.79"
"CHEMBL491	CC(C)(O)C(=O)Nc1ccc([N+](=O)[O-])c(C(F)(F)F)c1	292.21	2.32	7.51"
"CHEMBL448454	COc1cc(Sc2c(C)cccc2C)ccc1C#N	269.37	4.33	7.52"
"CHEMBL2441094	COc1cccc(C(=O)Nc2ccc(Oc3ccc(O)cc3)c(C)c2)c1	349.39	4.75	7.37"
"CHEMBL2441107	COc1cccc(C(=O)Nc2ccc(Oc3ccc(O)cc3)cc2)c1	335.36	4.45	6.54"
"CHEMBL2159545	N#Cc1ccc(C2=NOC3CCCCCCC23)cc1C(F)(F)F	322.33	4.65	6.53"
"CHEMBL2159542	O=[N+]([O-])c1ccc(C2=NO[C@H]3CCCCC[C@@H]23)c(C(F)(F)F)c1	328.29	4.3	6.41"
"CHEMBL2159573	Fc1ccc(C2=NOC3CCCCC23)c(C(F)(F)F)c1	287.26	4.14	6.01"
"CHEMBL491	CC(C)(O)C(=O)Nc1ccc([N+](=O)[O-])c(C(F)(F)F)c1	292.21	2.32	6.65"
"CHEMBL490957	COc1cc(Oc2cccc(C)c2)ccc1C#N	239.27	3.67	7.24"
"CHEMBL178957	O=C1[C@@H]2C3C=CC(C3)[C@@H]2C(=O)N1c1cc(C(F)(F)F)cc(C(F)(F)F)c1	375.27	4.04	7.14"
"CHEMBL178957	O=C1[C@@H]2C3C=CC(C3)[C@@H]2C(=O)N1c1cc(C(F)(F)F)cc(C(F)(F)F)c1	375.27	4.04	6.7"
"CHEMBL2159567	N#Cc1ccc(C2=NOC3CCCCC23)c(C(F)(F)F)c1	294.28	3.87	5.94"
"CHEMBL455566	CCCCSc1ccc(C#N)c(OC)c1	221.32	3.46	7.08"
"CHEMBL2316545	NS(=O)(=O)c1ccc(OCCSc2nc3ccccc3[nH]2)cc1	349.44	2.38	4.21"
"CHEMBL469333	COc1cccc(OC)c1Oc1ccc(C#N)c(C(F)(F)F)c1	323.27	4.39	6.8"
"CHEMBL513195	CCc1ccccc1Oc1ccc(C#N)c(C(F)(F)F)c1	291.27	4.93	6.45"
"CHEMBL499137	Cc1ccccc1Oc1ccc(C#N)c(C(F)(F)F)c1	277.24	4.68	6.13"
"CHEMBL490955	Cc1ccccc1Oc1ccc(C#N)cc1Cl	243.69	4.31	7.34"
"CHEMBL512837	COc1ccc(C)cc1Oc1ccc(C#N)c(C(F)(F)F)c1	307.27	4.69	6.99"
"CHEMBL4542153	C[C@](O)(CN1CCc2cc(F)ccc21)C(=O)Nc1ccc(C#N)c(Cl)c1	373.81	3.1	6.89"
"CHEMBL4438211	C[C@](O)(CN1CCc2c(F)cccc21)C(=O)Nc1ccc(C#N)c(C(F)(F)F)c1	407.37	3.47	7.23"
"CHEMBL4443566	C[C@](O)(CN1CCc2ccccc21)C(=O)Nc1ccc(C#N)c(C(F)(F)F)c1	389.38	3.33	6.85"
"CHEMBL4475765	C[C@@](O)(Cn1ccc2cc(F)ccc21)C(=O)Nc1ccc(C#N)c(C(F)(F)F)c1	405.35	4.06	6.22"
"CHEMBL182412	O=C1[C@@H]2C3C=CC(CC3)[C@@H]2C(=O)N1c1cccc(C(F)(F)F)c1	321.3	3.41	9.4"
"CHEMBL183882	O=C1[C@@H]2C3CCCC(CC3)[C@@H]2C(=O)N1c1cccc(C(F)(F)F)c1	337.34	4.02	6.18"
"CHEMBL409	CC(O)(CS(=O)(=O)c1ccc(F)cc1)C(=O)Nc1ccc(C#N)c(C(F)(F)F)c1	430.38	2.88	6.76"
"CHEMBL63560	C[C@](O)(CS(=O)(=O)c1ccc(F)cc1)C(=O)Nc1ccc(C#N)c(C(F)(F)F)c1	430.38	2.88	6.57"
"CHEMBL182412	O=C1[C@@H]2C3C=CC(CC3)[C@@H]2C(=O)N1c1cccc(C(F)(F)F)c1	321.3	3.41	7.18"
"CHEMBL183882	O=C1[C@@H]2C3CCCC(CC3)[C@@H]2C(=O)N1c1cccc(C(F)(F)F)c1	337.34	4.02	7.64"
"CHEMBL183882	O=C1[C@@H]2C3CCCC(CC3)[C@@H]2C(=O)N1c1cccc(C(F)(F)F)c1	337.34	4.02	6.75"
"CHEMBL3262347	CC(C)(O)c1cn(-c2ccc([N+](=O)[O-])c(C(F)(F)F)c2)nn1	316.24	2.42	4.35"
"CHEMBL2159549	Fc1ccc(C2=NOC3CCCCCCC23)cc1C(F)(F)F	315.31	4.92	5.23"
"CHEMBL2159539	N#Cc1ccc(C2=NOC3CCCCCC23)c(C(F)(F)F)c1	308.3	4.26	6"
"CHEMBL2159539	N#Cc1ccc(C2=NOC3CCCCCC23)c(C(F)(F)F)c1	308.3	4.26	5.94"
"CHEMBL2159573	Fc1ccc(C2=NOC3CCCCC23)c(C(F)(F)F)c1	287.26	4.14	5.94"
"CHEMBL2159572	Fc1ccc(C2=NOC3CCCCC23)cc1C(F)(F)F	287.26	4.14	5.96"
"CHEMBL2159569	O=[N+]([O-])c1ccc(C2=NOC3CCCCC23)cc1C(F)(F)F	314.26	3.91	6.92"
"CHEMBL2159732	O=[N+]([O-])c1ccc(C2=NO[C@H]3CCC[C@@H]23)cc1C(F)(F)F	300.24	3.52	5.6"
"CHEMBL251552	N#Cc1ccc(OC2CCCCC2C#N)cc1C(F)(F)F	294.28	4.04	7.89"
"CHEMBL491	CC(C)(O)C(=O)Nc1ccc([N+](=O)[O-])c(C(F)(F)F)c1	292.21	2.32	6.46"
"CHEMBL178333	O=C1[C@@H]2C3CCC(C3)[C@@H]2C(=O)N1c1ccc([N+](=O)[O-])c(C(F)(F)F)c1	354.28	3.15	7.92"
"CHEMBL409	CC(O)(CS(=O)(=O)c1ccc(F)cc1)C(=O)Nc1ccc(C#N)c(C(F)(F)F)c1	430.38	2.88	6.14"
"CHEMBL368906	O=C1[C@@H]2C3C=CC(C3)[C@@H]2C(=O)N1c1ccc([N+](=O)[O-])c(C(F)(F)F)c1	352.27	2.93	6.92"
"CHEMBL178333	O=C1[C@@H]2C3CCC(C3)[C@@H]2C(=O)N1c1ccc([N+](=O)[O-])c(C(F)(F)F)c1	354.28	3.15	6.94"
"CHEMBL367364	O=C1[C@@H]2C3CCC(C3)[C@@H]2C(=O)N1c1cccc(C(F)(F)F)c1	309.29	3.24	6.5"
"CHEMBL178333	O=C1[C@@H]2C3CCC(C3)[C@@H]2C(=O)N1c1ccc([N+](=O)[O-])c(C(F)(F)F)c1	354.28	3.15	7.92"
"CHEMBL806	CC(C)C(=O)Nc1ccc([N+](=O)[O-])c(C(F)(F)F)c1	276.21	3.21	6.81"
"CHEMBL491	CC(C)(O)C(=O)Nc1ccc([N+](=O)[O-])c(C(F)(F)F)c1	292.21	2.32	6.7"
"CHEMBL3410851	CC1(O)C[C@@H]2CC[C@@H](C1)N2c1ccc(C#N)c(C(F)(F)F)c1	310.32	3.46	7.53"
"CHEMBL491	CC(C)(O)C(=O)Nc1ccc([N+](=O)[O-])c(C(F)(F)F)c1	292.21	2.32	6.52"
"CHEMBL409	CC(O)(CS(=O)(=O)c1ccc(F)cc1)C(=O)Nc1ccc(C#N)c(C(F)(F)F)c1	430.38	2.88	6.7"
"CHEMBL409	CC(O)(CS(=O)(=O)c1ccc(F)cc1)C(=O)Nc1ccc(C#N)c(C(F)(F)F)c1	430.38	2.88	6.26"
"CHEMBL399439	N#Cc1ccc(O[C@H]2CCCC[C@@H]2C#N)cc1C(F)(F)F	294.28	4.04	6.71"
"CHEMBL501627	N#Cc1ccc(C2CCCCC2O)cc1C(F)(F)F	269.27	3.6	7.05"
"CHEMBL458084	N#Cc1ccc([C@H]2CCCC[C@H]2O)cc1C(F)(F)F	269.27	3.6	7.37"
"CHEMBL465539	Cc1ccc(Oc2ccc(C#N)c(C(F)(F)F)c2)cc1	277.24	4.68	5.27"
"CHEMBL491	CC(C)(O)C(=O)Nc1ccc([N+](=O)[O-])c(C(F)(F)F)c1	292.21	2.32	7.51"
"CHEMBL480960	Cn1cc(N(Cc2ccccc2)c2ccc([N+](=O)[O-])cc2)cc1CO	337.38	3.76	5.68"
"CHEMBL367364	O=C1[C@@H]2C3CCC(C3)[C@@H]2C(=O)N1c1cccc(C(F)(F)F)c1	309.29	3.24	8.15"
"CHEMBL182186	O=C1[C@@H]2C3C=CC(C3)[C@@H]2C(=O)N1c1ccc([N+](=O)[O-])cc1	284.27	1.91	7.52"
"CHEMBL2386395	O=c1cc(-c2ccc([N+](=O)[O-])cc2)oc2cccc(O)c12	283.24	3.07	6.44"
"CHEMBL3238281	C[C@](O)(COc1ccc(C(F)(F)F)cc1)C(=O)N1CCc2c(C#N)cccc21	390.36	3.3	7.48"
"CHEMBL238365	N#Cc1ccc(-c2ccccc2Cl)cc1C(F)(F)F	281.66	4.9	8.01"
"CHEMBL448454	COc1cc(Sc2c(C)cccc2C)ccc1C#N	269.37	4.33	7.37"
"CHEMBL504110	COc1cc(SCC2CC2)ccc1C#N	219.31	3.07	6.77"
"CHEMBL503687	CC(C)CCSc1ccc(C#N)c(C(F)(F)F)c1	273.32	4.72	6.29"
"CHEMBL409	CC(O)(CS(=O)(=O)c1ccc(F)cc1)C(=O)Nc1ccc(C#N)c(C(F)(F)F)c1	430.38	2.88	5.34"
"CHEMBL4743529	CC1(C)NC(=O)N(Cc2ccc(F)c(C(F)(F)F)c2)C1=O	304.24	2.67	5.38"
"CHEMBL235159	COc1ccc(-c2ccc(C#N)c(C(F)(F)F)c2)cc1	277.25	4.25	7.25"
"CHEMBL238366	COc1ccccc1-c1ccc(C#N)c(C(F)(F)F)c1	277.25	4.25	7.43"
"CHEMBL2441094	COc1cccc(C(=O)Nc2ccc(Oc3ccc(O)cc3)c(C)c2)c1	349.39	4.75	6.66"
"CHEMBL507671	N#Cc1ccc(Sc2ccccc2F)cc1C(F)(F)F	297.28	4.87	7.27"
"CHEMBL504110	COc1cc(SCC2CC2)ccc1C#N	219.31	3.07	7.26"
"CHEMBL462022	COc1cc(Sc2c(C)cc(C)cc2C)ccc1C#N	283.4	4.64	7.16"
"CHEMBL501649	COc1cc(Oc2ccc(C)cc2)ccc1C#N	239.27	3.67	6.68"
"CHEMBL448978	CC(C)(C)Sc1ccc(C#N)c(C(F)(F)F)c1	259.3	4.47	6.5"
"CHEMBL3084689	N#Cc1ccc(N2[C@@H]3CC[C@H]2C[C@@H](O)C3)cc1Cl	262.74	2.7	7.5"
"CHEMBL3410856	Cc1c(N2C3CCC2CC(C)(O)C3)ccc(C#N)c1Cl	290.79	3.4	8.68"
"CHEMBL1099140	CN1C(=S)N(c2ccc(C#N)c(C(F)(F)F)c2)C(=O)C1(C)C	327.33	2.92	7.82"
"CHEMBL2441107	COc1cccc(C(=O)Nc2ccc(Oc3ccc(O)cc3)cc2)c1	335.36	4.45	5.72"
"CHEMBL409	CC(O)(CS(=O)(=O)c1ccc(F)cc1)C(=O)Nc1ccc(C#N)c(C(F)(F)F)c1	430.38	2.88	6.76"
"CHEMBL4584527	CN(C[C@](C)(O)C(=O)Nc1ccc(C#N)c(C(F)(F)F)c1)c1ccc(C#N)c(-c2ccccc2)c1	478.47	4.94	7.32"
"CHEMBL1923999	O=C(O)c1cccc(CSc2ccc(Cl)cc2Cl)c1	313.21	4.98	4.3"
"CHEMBL491	CC(C)(O)C(=O)Nc1ccc([N+](=O)[O-])c(C(F)(F)F)c1	292.21	2.32	7.58"
"CHEMBL2386392	O=c1cc(-c2ccc(C(F)(F)F)cc2)oc2cccc(O)c12	306.24	4.18	5.91"
"CHEMBL462026	COc1ccccc1Sc1ccc(C#N)c(C(F)(F)F)c1	309.31	4.74	7.25"
"CHEMBL4742694	CC(=O)c1cnn(C[C@](C)(O)C(=O)Nc2ccc(C#N)c(C(F)(F)F)c2)c1	380.33	2.37	6.12"
"CHEMBL4798843	C[C@](O)(Cn1cc(I)cn1)C(=O)Nc1ccc(C#N)c(C(F)(F)F)c1	464.19	2.77	5.69"
"CHEMBL449804	CCOc1ccccc1Oc1ccc(C#N)c(C(F)(F)F)c1	307.27	4.77	7.33"
"CHEMBL451153	COc1ccc(CO)cc1Oc1ccc(C#N)c(C(F)(F)F)c1	323.27	3.87	6.67"
"CHEMBL469334	COc1cc(C)ccc1Oc1ccc(C#N)c(C(F)(F)F)c1	307.27	4.69	6.52"
"CHEMBL511145	Cc1ccc(Oc2ccc(C#N)c(C(F)(F)F)c2)c(O)c1	293.24	4.38	6.45"
"CHEMBL512837	COc1ccc(C)cc1Oc1ccc(C#N)c(C(F)(F)F)c1	307.27	4.69	6.32"
"CHEMBL1802077	COc1ccccc1C(=O)/C=C/c1ccccc1[N+](=O)[O-]	283.28	3.5	6.12"
"CHEMBL399887	N#Cc1ccc(O[C@@H]2CCCC[C@H]2C#N)cc1C(F)(F)F	294.28	4.04	7.22"
"CHEMBL458506	N#Cc1ccc([C@@H]2CCCC[C@@H]2O)cc1C(F)(F)F	269.27	3.6	5.8"
"CHEMBL503575	COc1cc(-c2ccccc2O)ccc1C#N	225.25	2.94	7.43"
"CHEMBL503575	COc1cc(-c2ccccc2O)ccc1C#N	225.25	2.94	7.7"
"CHEMBL4740742	N#Cc1ccc(NC(=O)CS(=O)(=O)c2ccc(F)cc2)cc1C(F)(F)F	386.33	3.13	6.61"
"CHEMBL2159731	N#Cc1ccc(C2=NOC3CCCC23)c(C(F)(F)F)c1	280.25	3.48	6.35"
"CHEMBL3410856	Cc1c(N2C3CCC2CC(C)(O)C3)ccc(C#N)c1Cl	290.79	3.4	8.68"
"CHEMBL4857366	C[C@](O)(Cn1cncn1)C(=O)Nc1ccc(C#N)c(C(F)(F)F)c1	339.28	1.56	5.96"
"CHEMBL469380	COc1ccccc1Oc1ccc(C#N)c(C(F)(F)F)c1	293.24	4.38	7.08"
"CHEMBL2159549	Fc1ccc(C2=NOC3CCCCCCC23)cc1C(F)(F)F	315.31	4.92	5.55"
"CHEMBL2159547	O=[N+]([O-])c1ccc(C2=NOC3CCCCCCC23)cc1C(F)(F)F	342.32	4.69	6.15"
"CHEMBL2159544	Fc1ccc(C2=NOC3CCCCCC23)c(C(F)(F)F)c1	301.28	4.53	6.18"
"CHEMBL1802077	COc1ccccc1C(=O)/C=C/c1ccccc1[N+](=O)[O-]	283.28	3.5	6.22"
"CHEMBL469983	COc1cccc(F)c1Oc1ccc(C#N)c(C(F)(F)F)c1	311.23	4.52	7.38"
"CHEMBL469334	COc1cc(C)ccc1Oc1ccc(C#N)c(C(F)(F)F)c1	307.27	4.69	7.16"
"CHEMBL399887	N#Cc1ccc(O[C@@H]2CCCC[C@H]2C#N)cc1C(F)(F)F	294.28	4.04	7.92"
"CHEMBL449804	CCOc1ccccc1Oc1ccc(C#N)c(C(F)(F)F)c1	307.27	4.77	6.92"
"CHEMBL469380	COc1ccccc1Oc1ccc(C#N)c(C(F)(F)F)c1	293.24	4.38	7.14"
"CHEMBL2159567	N#Cc1ccc(C2=NOC3CCCCC23)c(C(F)(F)F)c1	294.28	3.87	5.75"
"CHEMBL2159563	O=[N+]([O-])c1ccc(C2=NOC3CCCC23)c(C(F)(F)F)c1	300.24	3.52	6.57"
"CHEMBL2159730	N#Cc1ccc(C2=NO[C@@H]3CCC[C@H]23)cc1C(F)(F)F	280.25	3.48	6.65"
"CHEMBL2159570	O=[N+]([O-])c1ccc(C2=NO[C@@H]3CCCC[C@H]23)c(C(F)(F)F)c1	314.26	3.91	6.89"
"CHEMBL2159568	N#Cc1cccc(C2=NOC3CCCCC23)c1C(F)(F)F	294.28	3.87	7.19"
"CHEMBL2159550	Fc1ccc(C2=NOC3CCCCCCC23)c(C(F)(F)F)c1	315.31	4.92	4.88"
"CHEMBL2159564	Fc1ccc(C2=NOC3CCCC23)cc1C(F)(F)F	273.23	3.75	5.83"
"CHEMBL238340	COCCOCCOc1ccccc1-c1ccc(C#N)c(C(F)(F)F)c1	365.35	4.29	5.09"
"CHEMBL394392	N#Cc1ccc(-c2c(O)cccc2O)cc1C(F)(F)F	279.22	3.66	6"
"CHEMBL235601	Cc1cccc(-c2ccc(C#N)c(C(F)(F)F)c2)c1	261.25	4.55	5.72"
"CHEMBL806	CC(C)C(=O)Nc1ccc([N+](=O)[O-])c(C(F)(F)F)c1	276.21	3.21	6"
"CHEMBL409	CC(O)(CS(=O)(=O)c1ccc(F)cc1)C(=O)Nc1ccc(C#N)c(C(F)(F)F)c1	430.38	2.88	6.33"
"CHEMBL5075240	O=S(=O)(Nc1ccc(OCc2ccccc2)cc1)c1ccc(F)cc1	357.41	4.21	5.64"
"CHEMBL5074175	O=S(=O)(Nc1ccc(OCc2ccccc2)cc1)c1ccccc1	339.42	4.07	6.96"
"CHEMBL238338	N#Cc1ccc(-c2ccccc2OCCO)cc1C(F)(F)F	307.27	3.62	5.81"
"CHEMBL235784	COC(=O)COc1ccccc1-c1ccc(C#N)c(C(F)(F)F)c1	335.28	3.8	5.88"
"CHEMBL409	CC(O)(CS(=O)(=O)c1ccc(F)cc1)C(=O)Nc1ccc(C#N)c(C(F)(F)F)c1	430.38	2.88	6.76"
"CHEMBL1822155	COc1ccc(C2Nc3cccc4cccc(c34)N2)cc1O	292.34	4.09	4.46"
"CHEMBL4778550	CCOC(=O)c1ccc(NC(=O)c2cccc(S(=O)(=O)N3CCCc4ccccc43)c2)s1	470.57	4.32	5.69"
"CHEMBL367364	O=C1[C@@H]2C3CCC(C3)[C@@H]2C(=O)N1c1cccc(C(F)(F)F)c1	309.29	3.24	7.92"
"CHEMBL3262343	CC(C)(O)c1cn(-c2ccc(Cl)c(C(F)(F)F)c2)nn1	305.69	3.17	4.31"
"CHEMBL3410852	N#Cc1ccc(N2C3CCC2CC(=O)C3)cc1C(F)(F)F	294.28	3.28	7.18"
"CHEMBL409	CC(O)(CS(=O)(=O)c1ccc(F)cc1)C(=O)Nc1ccc(C#N)c(C(F)(F)F)c1	430.38	2.88	6.14"
"CHEMBL1210909	C[C@]12CN(O)C[C@](C)(O1)[C@@H]1C(=O)N(c3ccc(C#N)c(C(F)(F)F)c3)C(=O)[C@@H]12	395.34	1.94	5.89"
"CHEMBL391548	N#Cc1ccc(-c2ccccc2O)cc1C(F)(F)F	263.22	3.95	7.4"
"CHEMBL182186	O=C1[C@@H]2C3C=CC(C3)[C@@H]2C(=O)N1c1ccc([N+](=O)[O-])cc1	284.27	1.91	6.75"
"CHEMBL178469	O=C1[C@@H]2C3C=CC(C3)[C@@H]2C(=O)N1c1cccc(C(F)(F)F)c1	307.27	3.02	6.39"
"CHEMBL182412	O=C1[C@@H]2C3C=CC(CC3)[C@@H]2C(=O)N1c1cccc(C(F)(F)F)c1	321.3	3.41	6.71"
"CHEMBL409	CC(O)(CS(=O)(=O)c1ccc(F)cc1)C(=O)Nc1ccc(C#N)c(C(F)(F)F)c1	430.38	2.88	6.48"
"CHEMBL490955	Cc1ccccc1Oc1ccc(C#N)cc1Cl	243.69	4.31	7.19"
"CHEMBL806	CC(C)C(=O)Nc1ccc([N+](=O)[O-])c(C(F)(F)F)c1	276.21	3.21	6.24"
"CHEMBL1946812	CC1(C)CN(CCO)C(=O)[C@@H]1Oc1ccc(C#N)c(C(F)(F)F)c1	342.32	2.19	6.58"
"CHEMBL63560	C[C@](O)(CS(=O)(=O)c1ccc(F)cc1)C(=O)Nc1ccc(C#N)c(C(F)(F)F)c1	430.38	2.88	6.31"
"CHEMBL409	CC(O)(CS(=O)(=O)c1ccc(F)cc1)C(=O)Nc1ccc(C#N)c(C(F)(F)F)c1	430.38	2.88	6.76"
"CHEMBL2159729	N#Cc1ccc(C2=NO[C@H]3CCC[C@@H]23)cc1C(F)(F)F	280.25	3.48	6.21"
"CHEMBL42710	C=CCc1ccc(O)c(OC)c1	164.2	2.13	4.72"
"CHEMBL409	CC(O)(CS(=O)(=O)c1ccc(F)cc1)C(=O)Nc1ccc(C#N)c(C(F)(F)F)c1	430.38	2.88	6.77"
"CHEMBL491	CC(C)(O)C(=O)Nc1ccc([N+](=O)[O-])c(C(F)(F)F)c1	292.21	2.32	7.58"
"CHEMBL3410851	CC1(O)C[C@@H]2CC[C@@H](C1)N2c1ccc(C#N)c(C(F)(F)F)c1	310.32	3.46	7.53"
"CHEMBL409	CC(O)(CS(=O)(=O)c1ccc(F)cc1)C(=O)Nc1ccc(C#N)c(C(F)(F)F)c1	430.38	2.88	7.06"
"CHEMBL403669	CC12CCC(C)(O1)[C@H]1C(=O)N(c3ccc(C#N)c(C(F)(F)F)c3)C(=O)[C@H]12	364.32	3.02	8.15"
"CHEMBL2159544	Fc1ccc(C2=NOC3CCCCCC23)c(C(F)(F)F)c1	301.28	4.53	6.09"
"CHEMBL2159541	O=[N+]([O-])c1ccc(C2=NO[C@@H]3CCCCC[C@H]23)c(C(F)(F)F)c1	328.29	4.3	6.51"
"CHEMBL2159540	O=[N+]([O-])c1ccc(C2=NOC3CCCCCC23)cc1C(F)(F)F	328.29	4.3	6.98"
"CHEMBL2159561	N#Cc1ccc(C2=NOC3CCCCCC23)cc1C(F)(F)F	308.3	4.26	7.36"
"CHEMBL42710	C=CCc1ccc(O)c(OC)c1	164.2	2.13	4.72"
"CHEMBL409	CC(O)(CS(=O)(=O)c1ccc(F)cc1)C(=O)Nc1ccc(C#N)c(C(F)(F)F)c1	430.38	2.88	6.7"
"CHEMBL409	CC(O)(CS(=O)(=O)c1ccc(F)cc1)C(=O)Nc1ccc(C#N)c(C(F)(F)F)c1	430.38	2.88	6.4"
"CHEMBL471645	N#Cc1ccc(Oc2ccccc2O)cc1C(F)(F)F	279.22	4.07	7.47"
"CHEMBL491	CC(C)(O)C(=O)Nc1ccc([N+](=O)[O-])c(C(F)(F)F)c1	292.21	2.32	7.58"
"CHEMBL2159566	N#Cc1ccc(C2=NOC3CCCCC23)cc1C(F)(F)F	294.28	3.87	7.56"
"CHEMBL2159562	O=[N+]([O-])c1ccc(C2=NO[C@@H]3CCC[C@H]23)cc1C(F)(F)F	300.24	3.52	6.52"
"CHEMBL4586748	C[C@](O)(Cn1ccc2cc([N+](=O)[O-])ccc21)C(=O)Nc1ccc(C#N)c(C(F)(F)F)c1	432.36	3.83	7.06"
"CHEMBL182993	O=C1[C@@H]2C3C=CC([C@H]4C[C@@H]34)[C@@H]2C(=O)N1c1cccc(C(F)(F)F)c1	333.31	3.26	7.52"
"CHEMBL182993	O=C1[C@@H]2C3C=CC([C@H]4C[C@@H]34)[C@@H]2C(=O)N1c1cccc(C(F)(F)F)c1	333.31	3.26	6.83"
"CHEMBL146858	CC1(C)NC(=O)N(c2ccc(C#N)c(C(F)(F)F)c2)C1=O	297.24	2.41	8.22"
"CHEMBL409	CC(O)(CS(=O)(=O)c1ccc(F)cc1)C(=O)Nc1ccc(C#N)c(C(F)(F)F)c1	430.38	2.88	6.92"
"CHEMBL1085594	N#Cc1ccc(Oc2ccc(F)cc2F)cc1C(F)(F)F	299.2	4.65	7.22"
"CHEMBL52	CC(Cc1ccc(O)c(O)c1)C(C)Cc1ccc(O)c(O)c1	302.37	3.57	4.41"
"CHEMBL178469	O=C1[C@@H]2C3C=CC(C3)[C@@H]2C(=O)N1c1cccc(C(F)(F)F)c1	307.27	3.02	7.46"
"CHEMBL367364	O=C1[C@@H]2C3CCC(C3)[C@@H]2C(=O)N1c1cccc(C(F)(F)F)c1	309.29	3.24	6.9"
"CHEMBL2159546	N#Cc1ccc(C2=NOC3CCCCCCC23)c(C(F)(F)F)c1	322.33	4.65	5.7"
"CHEMBL63560	C[C@](O)(CS(=O)(=O)c1ccc(F)cc1)C(=O)Nc1ccc(C#N)c(C(F)(F)F)c1	430.38	2.88	6.92"
"CHEMBL2159565	Fc1ccc(C2=NOC3CCCC23)c(C(F)(F)F)c1	273.23	3.75	5.87"
"CHEMBL507671	N#Cc1ccc(Sc2ccccc2F)cc1C(F)(F)F	297.28	4.87	7.27"
"CHEMBL2159548	O=[N+]([O-])c1ccc(C2=NOC3CCCCCCC23)c(C(F)(F)F)c1	342.32	4.69	6.11"
"CHEMBL2159568	N#Cc1cccc(C2=NOC3CCCCC23)c1C(F)(F)F	294.28	3.87	7.1"
"CHEMBL2159546	N#Cc1ccc(C2=NOC3CCCCCCC23)c(C(F)(F)F)c1	322.33	4.65	6.19"
"CHEMBL4456765	C[C@](O)(Cn1ccc2c(F)cccc21)C(=O)Nc1ccc(C#N)c(C(F)(F)F)c1	405.35	4.06	6.9"
"CHEMBL271925	O=C1[C@@H]2C3CCC(O3)[C@@H]2C(=O)N1c1ccc(Cl)c(C(F)(F)F)c1	345.7	3.03	5.48"
"CHEMBL490955	Cc1ccccc1Oc1ccc(C#N)cc1Cl	243.69	4.31	7.19"
"CHEMBL499137	Cc1ccccc1Oc1ccc(C#N)c(C(F)(F)F)c1	277.24	4.68	6.27"
"CHEMBL462665	CCCCSc1ccc(C#N)c(C(F)(F)F)c1	259.3	4.47	6.08"
"CHEMBL464764	Cc1cccc(Oc2ccc(C#N)c(C(F)(F)F)c2)c1	277.25	4.68	5.78"
"CHEMBL499137	Cc1ccccc1Oc1ccc(C#N)c(C(F)(F)F)c1	277.24	4.68	7.04"
"CHEMBL480982	CCN(CC)c1ccc(/C=C2\C(=O)ON=C2C)cc1	258.32	2.85	6.22"
"CHEMBL491	CC(C)(O)C(=O)Nc1ccc([N+](=O)[O-])c(C(F)(F)F)c1	292.21	2.32	6.64"
"CHEMBL392827	Cc1ccc(-c2ccc(C#N)c(C(F)(F)F)c2)cc1	261.25	4.55	6.7"
"CHEMBL235378	N#Cc1ccc(-c2ccc(O)cc2)cc1C(F)(F)F	263.22	3.95	7.21"
"CHEMBL4779527	C[C@](O)(Cn1cc(F)cn1)C(=O)Nc1ccc(C#N)c(Cl)c1	322.73	1.94	6.37"
"CHEMBL4465426	CC1(C)NC(=O)N(c2ccc(F)c(C(F)(F)F)c2)C1=O	290.22	2.68	5.36"
"CHEMBL471644	Cc1cccc(C)c1Oc1ccc(C#N)c(C(F)(F)F)c1	291.27	4.99	8"
"CHEMBL462665	CCCCSc1ccc(C#N)c(C(F)(F)F)c1	259.3	4.47	7.31"
"CHEMBL462664	CCCSc1ccc(C#N)c(C(F)(F)F)c1	245.27	4.08	7.64"
"CHEMBL455566	CCCCSc1ccc(C#N)c(OC)c1	221.32	3.46	7.18"
"CHEMBL1274	CC1(C)NC(=O)N(c2ccc([N+](=O)[O-])c(C(F)(F)F)c2)C1=O	317.22	2.45	8.05"
"CHEMBL3410850	N#Cc1ccc(N2[C@H]3CC[C@H]2CC(O)C3)cc1C(F)(F)F	296.29	3.07	7.4"
"CHEMBL591628	CCOc1cc(C2Nc3cccc4cccc(c34)N2)ccc1O	306.37	4.48	4.96"
"CHEMBL4436972	C[C@](O)(CN1CCc2ccc(F)cc21)C(=O)Nc1ccc(C#N)c(C(F)(F)F)c1	407.37	3.47	7.41"
"CHEMBL4590504	C[C@](O)(Cn1ccc2ccc(F)cc21)C(=O)Nc1ccc(C#N)c(Cl)c1	371.8	3.7	7"
"CHEMBL4474118	C[C@](O)(Cn1ccc2cc(F)ccc21)C(=O)Nc1ccc(C#N)c(Cl)c1	371.8	3.7	7.03"
"CHEMBL4448937	CCOC(=O)c1cn(C[C@](C)(O)C(=O)Nc2ccc(C#N)c(C(F)(F)F)c2)c2ccccc12	459.42	4.1	6.01"
"CHEMBL4456781	C[C@](O)(Cn1ccc2cc(Br)ccc21)C(=O)Nc1ccc(C#N)c(C(F)(F)F)c1	466.26	4.68	6.04"
"CHEMBL4474096	C[C@](O)(Cn1ccc2ccc(F)cc21)C(=O)Nc1ccc(C#N)c(C(F)(F)F)c1	405.35	4.06	7.07"
"CHEMBL445429	COc1cc(SC(C)C)ccc1C#N	207.3	3.07	8"
"CHEMBL510145	COc1cc(Sc2ccccc2OC)ccc1C#N	271.34	3.73	7.7"
"CHEMBL491493	COc1cc(Oc2ccccc2C)ccc1C#N	239.27	3.67	7.62"
"CHEMBL462022	COc1cc(Sc2c(C)cc(C)cc2C)ccc1C#N	283.4	4.64	7.41"
"CHEMBL453624	N#Cc1ccc(SCC2CCC2)cc1C(F)(F)F	271.31	4.47	7.2"
"CHEMBL491	CC(C)(O)C(=O)Nc1ccc([N+](=O)[O-])c(C(F)(F)F)c1	292.21	2.32	7.17"
"CHEMBL501627	N#Cc1ccc(C2CCCCC2O)cc1C(F)(F)F	269.27	3.6	7.58"
"CHEMBL235379	Cc1ccccc1-c1ccc(C#N)c(C(F)(F)F)c1	261.25	4.55	6.84"
"CHEMBL2159548	O=[N+]([O-])c1ccc(C2=NOC3CCCCCCC23)c(C(F)(F)F)c1	342.32	4.69	6.13"
"CHEMBL4783581	C[C@](O)(Cn1cc(F)cn1)C(=O)Nc1ccc(C#N)c(C(F)(F)F)c1	356.28	2.3	6.7"
"CHEMBL409	CC(O)(CS(=O)(=O)c1ccc(F)cc1)C(=O)Nc1ccc(C#N)c(C(F)(F)F)c1	430.38	2.88	6.52"
"CHEMBL4746345	C[C@](O)(Cn1cc(Br)c(F)n1)C(=O)Nc1ccc(C#N)c(C(F)(F)F)c1	435.18	3.06	7.08"
"CHEMBL409	CC(O)(CS(=O)(=O)c1ccc(F)cc1)C(=O)Nc1ccc(C#N)c(C(F)(F)F)c1	430.38	2.88	6.79"
"CHEMBL255157	O=C1[C@@H]2C3CCC(O3)[C@@H]2C(=O)N1c1cccc(C(F)(F)F)c1	311.26	2.37	4.94"
"CHEMBL271924	O=C1[C@@H]2C3CCC(O3)[C@@H]2C(=O)N1c1ccc(Cl)c([N+](=O)[O-])c1	322.7	1.92	5.94"
"CHEMBL2011369	CCn1c(=O)n(-c2ccc(C#N)c(C(F)(F)F)c2)c2ccccc21	331.3	3.7	6.53"
"CHEMBL2386397	CN(C)c1ccc(-c2cc(=O)c3c(O)cccc3o2)cc1	281.31	3.23	6.07"
"CHEMBL443579	COc1cccc(-c2ccc(C#N)c(C(F)(F)F)c2)c1	277.25	4.25	6.02"
"CHEMBL367364	O=C1[C@@H]2C3CCC(C3)[C@@H]2C(=O)N1c1cccc(C(F)(F)F)c1	309.29	3.24	6.69"
"CHEMBL427721	N#Cc1ccc(N2C(=O)[C@@H]3C4CCC(O4)[C@@H]3C2=O)cc1C(F)(F)F	336.27	2.24	5.54"
"CHEMBL3238283	COC(=O)c1ccc(OC[C@](C)(O)C(=O)N2CCc3c(C#N)cccc32)cc1	380.4	2.06	6.88"
"CHEMBL63560	C[C@](O)(CS(=O)(=O)c1ccc(F)cc1)C(=O)Nc1ccc(C#N)c(C(F)(F)F)c1	430.38	2.88	6.07"
"CHEMBL4740374	C[C@](O)(Cn1ccc(F)n1)C(=O)Nc1ccc(C#N)c(C(F)(F)F)c1	356.28	2.3	6.66"
"CHEMBL409	CC(O)(CS(=O)(=O)c1ccc(F)cc1)C(=O)Nc1ccc(C#N)c(C(F)(F)F)c1	430.38	2.88	6.03"
"CHEMBL182186	O=C1[C@@H]2C3C=CC(C3)[C@@H]2C(=O)N1c1ccc([N+](=O)[O-])cc1	284.27	1.91	6.18"
"CHEMBL178469	O=C1[C@@H]2C3C=CC(C3)[C@@H]2C(=O)N1c1cccc(C(F)(F)F)c1	307.27	3.02	6.13"
"CHEMBL409	CC(O)(CS(=O)(=O)c1ccc(F)cc1)C(=O)Nc1ccc(C#N)c(C(F)(F)F)c1	430.38	2.88	6.85"
"CHEMBL469982	Cc1ccc(O)c(Oc2ccc(C#N)c(C(F)(F)F)c2)c1	293.24	4.38	6.9"
"CHEMBL471644	Cc1cccc(C)c1Oc1ccc(C#N)c(C(F)(F)F)c1	291.27	4.99	6.17"
"CHEMBL5074003	N#Cc1ccc(S(=O)(=O)Nc2ccc(OCc3ccccc3)cc2)cc1	364.43	3.94	5.65"
"CHEMBL409	CC(O)(CS(=O)(=O)c1ccc(F)cc1)C(=O)Nc1ccc(C#N)c(C(F)(F)F)c1	430.38	2.88	6.33"
"CHEMBL409	CC(O)(CS(=O)(=O)c1ccc(F)cc1)C(=O)Nc1ccc(C#N)c(C(F)(F)F)c1	430.38	2.88	6.57"
"CHEMBL2386408	NC(=O)c1ccc(-c2cc(=O)c3c(O)cccc3o2)cc1	281.27	2.26	5.45"
"CHEMBL403061	COc1cc(N2C(=O)[C@@H]3[C@H](C2=O)C2(C)CCC3(C)O2)ccc1-c1cnco1	368.39	2.8	7.7"
"CHEMBL403214	CC12CCC(C)(O1)[C@H]1C(=O)N(c3ccc([N+](=O)[O-])c(C(F)(F)F)c3)C(=O)[C@H]12	384.31	3.06	7.96"
"CHEMBL255776	O=C1[C@H]2C3CCC(C3)N2C(=O)N1c1cccc(C(F)(F)F)c1	310.27	3.02	6.89"
"CHEMBL5086603	CCS(=O)(=O)Nc1ccc(OCc2ccccc2)cc1	291.37	3.03	5.1"
"CHEMBL469982	Cc1ccc(O)c(Oc2ccc(C#N)c(C(F)(F)F)c2)c1	293.24	4.38	6.09"
"CHEMBL409	CC(O)(CS(=O)(=O)c1ccc(F)cc1)C(=O)Nc1ccc(C#N)c(C(F)(F)F)c1	430.38	2.88	6.4"
"CHEMBL806	CC(C)C(=O)Nc1ccc([N+](=O)[O-])c(C(F)(F)F)c1	276.21	3.21	5.7"
"CHEMBL453623	N#Cc1ccc(SCC2CC2)cc1C(F)(F)F	257.28	4.08	7.46"
"CHEMBL5078718	Cc1ccc(S(=O)(=O)Nc2ccc(OCc3ccccc3)cc2)cc1	353.44	4.37	4.94"
"CHEMBL5077543	O=[N+]([O-])c1cccc(S(=O)(=O)Nc2ccc(OCc3ccccc3)cc2)c1	384.41	3.97	5.8"
"CHEMBL4584527	CN(C[C@](C)(O)C(=O)Nc1ccc(C#N)c(C(F)(F)F)c1)c1ccc(C#N)c(-c2ccccc2)c1	478.47	4.94	7.32"
"CHEMBL471645	N#Cc1ccc(Oc2ccccc2O)cc1C(F)(F)F	279.22	4.07	7.01"
"CHEMBL469983	COc1cccc(F)c1Oc1ccc(C#N)c(C(F)(F)F)c1	311.23	4.52	6.8"
"CHEMBL464764	Cc1cccc(Oc2ccc(C#N)c(C(F)(F)F)c2)c1	277.25	4.68	6.11"
"CHEMBL465539	Cc1ccc(Oc2ccc(C#N)c(C(F)(F)F)c2)cc1	277.24	4.68	5.4"
"CHEMBL4527241	C[C@](O)(CN1CCc2c(F)cccc21)C(=O)Nc1ccc(C#N)c(Cl)c1	373.81	3.1	6.9"
"CHEMBL4442857	Cc1cn(C[C@](C)(O)C(=O)Nc2ccc(C#N)c(C(F)(F)F)c2)c2ccc(F)cc12	419.38	4.37	6.8"
"CHEMBL5074767	O=S(=O)(Nc1ccc(OCc2ccccc2)cc1)c1ccc(Br)cc1	418.31	4.83	5.81"
"CHEMBL4783581	C[C@](O)(Cn1cc(F)cn1)C(=O)Nc1ccc(C#N)c(C(F)(F)F)c1	356.28	2.3	6.66"
"CHEMBL4750103	CC1(C)NC(=O)N(c2ccc(Cl)c(C(F)(F)F)c2)C1=O	306.67	3.19	5.89"
"CHEMBL4787997	CC1(C)CC(=O)N(c2ccc(F)c(C(F)(F)F)c2)C1=O	289.23	3.13	6.04"
"CHEMBL4746443	CN(C)C(=O)c1cc(N2C(=O)NC(C)(C)C2=O)ccc1F	293.3	1.36	5.04"
"CHEMBL4781708	CC1(C)NC(=O)N(c2cccc(C(F)(F)F)c2)C1=O	272.23	2.54	5.22"
"CHEMBL4747667	Cc1cnn(C[C@](C)(O)C(=O)Nc2ccc(C#N)c(C(F)(F)F)c2)c1	352.32	2.47	5.09"
"CHEMBL4776248	C[C@](O)(Cn1cc(C#N)cn1)C(=O)Nc1ccc(C#N)c(C(F)(F)F)c1	363.3	2.03	7.35"
"CHEMBL4797334	C[C@](O)(Cn1cc(Br)cn1)C(=O)Nc1ccc(C#N)c(C(F)(F)F)c1	417.19	2.93	6.37"
"CHEMBL4752477	Cc1cn(C[C@](C)(O)C(=O)Nc2ccc(C#N)c(C(F)(F)F)c2)nc1Cl	386.76	3.13	6.48"
"CHEMBL3262348	CC(C)(O)c1cn(-c2cc(C(F)(F)F)cc(C(F)(F)F)c2)nn1	339.24	3.53	4.4"
"CHEMBL427678	COc1cccc(OC)c1-c1ccc(C#N)c(C(F)(F)F)c1	307.27	4.26	7.83"
"CHEMBL391549	N#Cc1ccc(-c2cccc(O)c2)cc1C(F)(F)F	263.22	3.95	6.64"
"CHEMBL4778019	C[C@](O)(Cn1ccc(-c2ccccc2)n1)C(=O)Nc1ccc(C#N)c(C(F)(F)F)c1	414.39	3.83	5.32"
"CHEMBL4758685	C[C@](O)(Cn1cc(-c2ccccc2)cn1)C(=O)Nc1ccc(C#N)c(C(F)(F)F)c1	414.39	3.83	5.94"
"CHEMBL4752991	C[C@](O)(Cn1cc(Cl)cn1)C(=O)Nc1ccc(C#N)c(C(F)(F)F)c1	372.73	2.82	6.87"
"CHEMBL2159543	Fc1ccc(C2=NOC3CCCCCC23)cc1C(F)(F)F	301.28	4.53	4.96"
"CHEMBL2159571	O=[N+]([O-])c1ccc(C2=NO[C@H]3CCCC[C@@H]23)c(C(F)(F)F)c1	314.26	3.91	6.58"
"CHEMBL806	CC(C)C(=O)Nc1ccc([N+](=O)[O-])c(C(F)(F)F)c1	276.21	3.21	5.38"
"CHEMBL409	CC(O)(CS(=O)(=O)c1ccc(F)cc1)C(=O)Nc1ccc(C#N)c(C(F)(F)F)c1	430.38	2.88	6.05"
"CHEMBL4754074	N#Cc1ccc(N2C(=O)C3CNc4cc(Br)ccc4N3C2=S)cc1C(F)(F)F	467.27	4.27	5.01"
"CHEMBL4793158	CC1(CO)NC(=O)N(c2ccc(F)c(C(F)(F)F)c2)C1=O	306.21	1.65	5.32"
"CHEMBL4778974	CN1C(=O)N(c2ccc(F)c(C(F)(F)F)c2)C(=O)C1(C)C	304.24	3.02	5.89"
"CHEMBL2011367	CC(C)n1c(=O)n(-c2ccc(C#N)c(C(F)(F)F)c2)c2ccccc21	345.32	4.26	6.43"
"CHEMBL4750503	N#Cc1ccc(N2C(=O)C3CCc4cc(Br)ccc4N3C2=S)cc1C(F)(F)F	466.28	4.79	5.36"
"CHEMBL4777133	CC1(C)CNC(=O)N(c2ccc(F)c(C(F)(F)F)c2)C1=O	304.24	2.93	5.16"
"CHEMBL1274	CC1(C)NC(=O)N(c2ccc([N+](=O)[O-])c(C(F)(F)F)c2)C1=O	317.22	2.45	6.22"
"CHEMBL4777511	CC1(C)CN(c2ccc(F)c(C(F)(F)F)c2)C(=O)N1	276.23	3.15	5.09"
"CHEMBL4755665	O=C1NC2(CCCC2)C(=O)N1c1ccc(F)c(C(F)(F)F)c1	316.25	3.21	6"
"CHEMBL4783581	C[C@](O)(Cn1cc(F)cn1)C(=O)Nc1ccc(C#N)c(C(F)(F)F)c1	356.28	2.3	6.7"
"CHEMBL4779474	C[C@](O)(Cn1cccn1)C(=O)Nc1ccc(C#N)c(C(F)(F)F)c1	338.29	2.16	5.84"
"CHEMBL4444904	C[C@](O)(Cn1ccc2cc(F)ccc21)C(=O)Nc1ccc(C#N)c(C(F)(F)F)c1	405.35	4.06	7.07"
"CHEMBL409	CC(O)(CS(=O)(=O)c1ccc(F)cc1)C(=O)Nc1ccc(C#N)c(C(F)(F)F)c1	430.38	2.88	6.57"
"CHEMBL1738889	C[C@](O)(COc1ccc(C#N)cc1)C(=O)Nc1ccc(C#N)c(C(F)(F)F)c1	389.33	3.22	8.42"
"CHEMBL4527176	C[C@](O)(CN1CCc2ccc(F)cc21)C(=O)Nc1ccc(C#N)c(Cl)c1	373.81	3.1	7.43"
"CHEMBL4585987	C[C@](O)(Cn1ccc2cccc(F)c21)C(=O)Nc1ccc(C#N)c(Cl)c1	371.8	3.7	6.63"
"CHEMBL4554646	C[C@](O)(Cn1ccc2ccc([N+](=O)[O-])cc21)C(=O)Nc1ccc(C#N)c(C(F)(F)F)c1	432.36	3.83	7.24"
"CHEMBL4446471	C[C@](O)(Cn1ccc2ccccc21)C(=O)Nc1ccc(C#N)c(C(F)(F)F)c1	387.36	3.92	7.19"
"CHEMBL4788710	N#Cc1ccc(N2C(=O)C3CSc4cc(Br)ccc4N3C2=S)cc1C(F)(F)F	484.32	4.95	4.74"
"CHEMBL4782924	C[C@@](Cn1cc(N)cn1)(OC(=O)CCl)C(=O)Nc1ccc(C#N)c(C(F)(F)F)c1	429.79	2.54	6.04"
"CHEMBL4757702	C[C@](O)(Cn1cc(Cl)c(Br)n1)C(=O)Nc1ccc(C#N)c(C(F)(F)F)c1	451.63	3.58	6.86"
"CHEMBL4746345	C[C@](O)(Cn1cc(Br)c(F)n1)C(=O)Nc1ccc(C#N)c(C(F)(F)F)c1	435.18	3.06	7.08"
"CHEMBL4567476	C[C@](O)(Cn1cc(F)c2ccccc21)C(=O)Nc1ccc(C#N)c(Cl)c1	371.8	3.7	7.35"
"CHEMBL4444904	C[C@](O)(Cn1ccc2cc(F)ccc21)C(=O)Nc1ccc(C#N)c(C(F)(F)F)c1	405.35	4.06	7.07"
"CHEMBL4483663	C[C@](O)(Cn1ccc2c(F)cccc21)C(=O)Nc1ccc(C#N)c(Cl)c1	371.8	3.7	6.85"
"CHEMBL4449952	C[C@](O)(CN1CCc2cc(Br)ccc21)C(=O)Nc1ccc(C#N)c(Cl)c1	434.72	3.73	6.08"
"CHEMBL4469605	C[C@](O)(CN1CCc2cc(F)c(F)cc21)C(=O)Nc1ccc(C#N)c(C(F)(F)F)c1	425.36	3.61	7"
"CHEMBL4583465	C[C@](O)(Cn1ccc2nc(C#N)ccc21)C(=O)Nc1ccc(C#N)c(C(F)(F)F)c1	413.36	3.19	6.16"
"CHEMBL4790269	CC1(C)OC(=O)N(c2ccc(F)c(C(F)(F)F)c2)C1=O	291.2	3.11	5.68"
"CHEMBL4747499	O=C1NC2(CCCCC2)C(=O)N1c1ccc(F)c(C(F)(F)F)c1	330.28	3.6	5.38"
"CHEMBL5090685	O=S(=O)(Cc1ccccc1)Nc1ccc(OCc2ccccc2)cc1	353.44	4.21	5.24"
"CHEMBL4869652	COc1cc(N2C(=O)C3(CCC3)N(c3ccc(OC4CCN(C)CC4)cc3)C2=S)cnc1C#N	477.59	3.5	6.52"
"CHEMBL409	CC(O)(CS(=O)(=O)c1ccc(F)cc1)C(=O)Nc1ccc(C#N)c(C(F)(F)F)c1	430.38	2.88	6.61"
"CHEMBL4852427	C[C@](O)(CN1CCOCC1)C(=O)Nc1ccc(C#N)c(C(F)(F)F)c1	357.33	1.6	5.99"
"CHEMBL4869652	COc1cc(N2C(=O)C3(CCC3)N(c3ccc(OC4CCN(C)CC4)cc3)C2=S)cnc1C#N	477.59	3.5	6.67"
"CHEMBL4870613	C[C@](O)(Cn1cncc1Br)C(=O)Nc1ccc(C#N)c(C(F)(F)F)c1	417.19	2.93	5.99"
"CHEMBL470204	Cc1ccccc1Oc1ccc(C#N)c(Cl)c1	243.69	4.31	7.24"
"CHEMBL5197097	N#Cc1ccc(C2=NO[C@H]3CCCC[C@@H]23)cc1C(F)(F)F	294.28	3.87	7.56"
"CHEMBL3410852	N#Cc1ccc(N2C3CCC2CC(=O)C3)cc1C(F)(F)F	294.28	3.28	7.18"
"CHEMBL5077404	O=[N+]([O-])c1ccccc1S(=O)(=O)Nc1ccc(OCc2ccccc2)cc1	384.41	3.97	5.38"
"CHEMBL5085066	CN(C)S(=O)(=O)Nc1ccc(OCc2ccccc2)cc1	306.39	2.48	6.33"
"CHEMBL4875270	C[C@](O)(Cn1ccnc1)C(=O)Nc1ccc(C#N)c(Cl)c1	304.74	1.8	5.73"
"CHEMBL4776248	C[C@](O)(Cn1cc(C#N)cn1)C(=O)Nc1ccc(C#N)c(C(F)(F)F)c1	363.3	2.03	7.37"
"CHEMBL4792938	C[C@@](O)(Cn1cc(F)cn1)C(=O)Nc1ccc(C#N)c(C(F)(F)F)c1	356.28	2.3	6.72"
"CHEMBL4747056	N#Cc1ccc(NC(=O)CCn2cc(F)cn2)cc1C(F)(F)F	326.25	2.94	5.67"
"CHEMBL399887	N#Cc1ccc(O[C@@H]2CCCC[C@H]2C#N)cc1C(F)(F)F	294.28	4.04	7.92"
"CHEMBL5075580	CCCCS(=O)(=O)Nc1ccc(OCc2ccccc2)cc1	319.43	3.81	5.15"
"CHEMBL63560	C[C@](O)(CS(=O)(=O)c1ccc(F)cc1)C(=O)Nc1ccc(C#N)c(C(F)(F)F)c1	430.38	2.88	6.46"
"CHEMBL458084	N#Cc1ccc([C@H]2CCCC[C@H]2O)cc1C(F)(F)F	269.27	3.6	7.05"
"CHEMBL4793070	O=C1CNC(=O)N1c1ccc(F)c(C(F)(F)F)c1	262.16	1.9	6.58"
"CHEMBL4572306	CC(C)(NC(=O)Nc1ccc(F)c(C(F)(F)F)c1)C(=O)O	308.23	2.83	5.51"
"CHEMBL4786811	CC1(C)C(=O)NC(=O)N1c1ccc(F)c(C(F)(F)F)c1	290.22	2.68	5.55"
"CHEMBL4753877	C[C@](O)(Cn1cc([N+](=O)[O-])cn1)C(=O)Nc1ccc(C#N)c(C(F)(F)F)c1	383.29	2.07	7.44"
"CHEMBL409	CC(O)(CS(=O)(=O)c1ccc(F)cc1)C(=O)Nc1ccc(C#N)c(C(F)(F)F)c1	430.38	2.88	6.92"
"CHEMBL4778185	O=C1C2CCCN2C(=O)N1c1ccc(F)c(C(F)(F)F)c1	302.23	2.78	5.46"
"CHEMBL4781726	N#Cc1ccc(N2C(=O)C3CCc4ccccc4N3C2=S)cc1C(F)(F)F	387.39	4.03	5.55"
"CHEMBL5085212	O=S(=O)(Nc1ccc(OCc2ccccc2)cc1)c1ccc(Cl)cc1	373.86	4.72	5.3"
"CHEMBL1463660	CS(=O)(=O)Nc1ccc(OCc2ccccc2)cc1	277.35	2.64	5.21"
"CHEMBL4739997	C[C@](O)(Cn1cc(C#N)c(Br)n1)C(=O)Nc1ccc(C#N)c(C(F)(F)F)c1	442.19	2.8	6.74"
"CHEMBL391548	N#Cc1ccc(-c2ccccc2O)cc1C(F)(F)F	263.22	3.95	9.7"
"CHEMBL490956	Cc1ccccc1Sc1ccc(C#N)cc1Cl	259.76	4.67	7.11"
"CHEMBL4862864	C[C@](O)(Cn1cnc(C(F)(F)F)n1)C(=O)Nc1ccc(C#N)c(C(F)(F)F)c1	407.27	2.58	5.99"
